Id_survey_no_dc,Id_scr,Ecoregion,Department,Long,Lat,Id_group_no_dc,Farm_name,Distance_farm,N_visits,Elev,Avg_temp,Tot_prec,Habitat,Habitat_sub
MB-A-ED_01,2299,Bajo magdalena,Atlantico,-75.0763,10.7972,MB-A-ED,El descanso,0,1,69,27.508,1051,Ssp,Arboles dispersos
MB-A-ED_02,2299,Bajo magdalena,Atlantico,-75.0748,10.7985,MB-A-ED,El descanso,0,1,69,27.467,1069,Bosque,Secundario
MB-A-ED_03,2299,Bajo magdalena,Atlantico,-75.0756,10.7986,MB-A-ED,El descanso,0,1,67,27.508,1051,Ssp,Cerca viva
MB-A-ED_04,2299,Bajo magdalena,Atlantico,-75.0758,10.8009,MB-A-ED,El descanso,0,1,61,27.517,1008,Ssp,Intensivo
MB-A-LF_01,573,Bajo magdalena,Atlantico,-75.1553,10.6336,MB-A-LF,La felicidad,0,1,95,27.217,1207,Bosque,Secundario
MB-A-LF_02,573,Bajo magdalena,Atlantico,-75.1568,10.6342,MB-A-LF,La felicidad,0,1,104,27.217,1207,Cultivos,
MB-A-LF_03,573,Bajo magdalena,Atlantico,-75.1589,10.6349,MB-A-LF,La felicidad,0,1,91,27.617,1146,Ssp,Arboles dispersos
MB-A-LF_04,573,Bajo magdalena,Atlantico,-75.1611,10.6347,MB-A-LF,La felicidad,0,1,37,27.617,1146,Ssp,Arboles dispersos
MB-A-VE_01,570,Bajo magdalena,Atlantico,-74.9527,10.8033,MB-A-VE,Villa edith,101,1,163,27.017,1007,Ssp,Arboles dispersos
MB-A-VE_02,570,Bajo magdalena,Atlantico,-74.9524,10.8069,MB-A-VE,Villa edith,0,1,162,27.017,1007,Ssp,Arboles dispersos
MB-A-VE_03,570,Bajo magdalena,Atlantico,-74.9498,10.8061,MB-A-VE,Villa edith,0,1,166,27.083,1076,Ssp,Banco de forraje
MB-A-VE_04,570,Bajo magdalena,Atlantico,-74.9489,10.8058,MB-A-VE,Villa edith,0,1,167,27.083,1076,Pastizales,
MB-B-LEST_01,2492,Cordillera oriental,Boyaca,-72.8969,6.0037,MB-B-LEST,La estancia,0,1,2737,12.383,1044,Bosque,Secundario
MB-B-LEST_02,2492,Cordillera oriental,Boyaca,-72.8978,6.0034,MB-B-LEST,La estancia,0,1,2725,12.383,1044,Ssp,Setos
MB-B-LEST_03,2492,Cordillera oriental,Boyaca,-72.8975,6.003,MB-B-LEST,La estancia,0,1,2715,12.383,1044,Pastizales,
MB-B-LEST_04,2492,Cordillera oriental,Boyaca,-72.8982,6.0042,MB-B-LEST,La estancia,0,1,2743,12.383,1044,Ssp,Banco de forraje
MB-B-LES_01,1775,Cordillera oriental,Boyaca,-73.0466,5.7894,MB-B-LES,La esperanza,0,1,2483,14.575,1297,Ssp,Setos
MB-B-LES_02,1775,Cordillera oriental,Boyaca,-73.0454,5.7891,MB-B-LES,La esperanza,0,1,2485,14.575,1297,Ssp,Setos
MB-B-LES_03,1775,Cordillera oriental,Boyaca,-73.0449,5.7882,MB-B-LES,La esperanza,0,1,2484,14.575,1297,Ssp,Arboles dispersos
MB-B-LES_04,1775,Cordillera oriental,Boyaca,-73.0451,5.7874,MB-B-LES,La esperanza,0,1,2484,14.575,1297,Pastizales,
MB-B-LM_01,2168,Cordillera oriental,Boyaca,-72.9358,5.8309,MB-B-LM,La meseta,321,1,2711,13.108,1035,Bosque,Secundario
MB-B-LM_02,2168,Cordillera oriental,Boyaca,-72.9338,5.8337,MB-B-LM,La meseta,20,1,2605,14.175,1018,Pastizales,
MB-B-LM_03,2168,Cordillera oriental,Boyaca,-72.9319,5.834,MB-B-LM,La meseta,0,1,2553,14.45,1072,Ssp,Setos
MB-B-LM_04,2168,Cordillera oriental,Boyaca,-72.9316,5.8347,MB-B-LM,La meseta,0,1,2532,14.45,1072,Ssp,Setos
MB-B-LP_01,2921,Cordillera oriental,Boyaca,-72.9578,5.8312,MB-B-LP,La pradera,0,1,2806,12.35,959,Pastizales,
MB-B-LP_02,2921,Cordillera oriental,Boyaca,-72.9565,5.8305,MB-B-LP,La pradera,0,1,2777,12.35,959,Bosque,Secundario
MB-B-LP_03,2921,Cordillera oriental,Boyaca,-72.9584,5.8278,MB-B-LP,La pradera,0,1,2717,13.542,1035,Ssp,Setos
MB-B-LP_04,2921,Cordillera oriental,Boyaca,-72.958,5.8273,MB-B-LP,La pradera,0,1,2715,12.35,959,Ssp,Banco de forraje
MB-BL-EP_01,2658,Bajo magdalena,Bolivar,-75.2018,10.3419,MB-BL-EP,El palacio,84,1,30,27.892,1360,Ssp,Arboles dispersos
MB-BL-EP_02,2658,Bajo magdalena,Bolivar,-75.2031,10.3404,MB-BL-EP,El palacio,0,1,30,27.933,1280,Ssp,Cerca viva
MB-BL-EP_03,2658,Bajo magdalena,Bolivar,-75.203,10.3394,MB-BL-EP,El palacio,0,1,29,27.933,1280,Pastizales,
MB-BL-EP_04,2658,Bajo magdalena,Bolivar,-75.2026,10.3386,MB-BL-EP,El palacio,0,1,28,27.933,1280,Cultivos,
MB-CD-LMO_01,2390,Cafetera,Caldas,-75.5325,5.0236,MB-CD-LMO,La morelia,0,1,1791,18.675,2283,Bosque,Secundario
MB-CD-LMO_02,2390,Cafetera,Caldas,-75.5318,5.0233,MB-CD-LMO,La morelia,76,1,1769,18.675,2283,Ssp,Setos
MB-CD-LMO_03,2390,Cafetera,Caldas,-75.5339,5.0246,MB-CD-LMO,La morelia,0,1,1823,18.183,2250,Pastizales,
MB-CD-LMO_04,2390,Cafetera,Caldas,-75.5339,5.0249,MB-CD-LMO,La morelia,0,1,1823,18.183,2250,Pastizales,
MB-CS-CA_01,3264,Rio cesar,Cesar,-73.269,10.222,MB-CS-CA,Casanare,0,1,96,28.567,1337,Ssp,Arboles dispersos
MB-CS-CA_02,3264,Rio cesar,Cesar,-73.2714,10.2213,MB-CS-CA,Casanare,0,1,93,28.567,1337,Pastizales,
MB-CS-CA_03,3264,Rio cesar,Cesar,-73.2694,10.2184,MB-CS-CA,Casanare,0,1,95,28.567,1337,Ssp,Banco de forraje
MB-CS-CA_04,3264,Rio cesar,Cesar,-73.2722,10.219,MB-CS-CA,Casanare,0,1,94,28.567,1337,Pastizales,
MB-CS-LD2_01,1716,Rio cesar,Cesar,-73.3805,10.4448,MB-CS-LD2,Las delicias 2,0,1,265,27.3,1392,Bosque,Ripario
MB-CS-LD2_02,1716,Rio cesar,Cesar,-73.3819,10.4437,MB-CS-LD2,Las delicias 2,0,1,273,27.3,1392,Pastizales,
MB-CS-LD2_03,1716,Rio cesar,Cesar,-73.3836,10.4448,MB-CS-LD2,Las delicias 2,0,1,280,27.183,1369,Pastizales,
MB-CS-LD2_04,1716,Rio cesar,Cesar,-73.3828,10.4422,MB-CS-LD2,Las delicias 2,0,1,265,27.3,1392,Ssp,Banco de forraje
MB-CS-LL_01,Ref_La luisa,Rio cesar,Cesar,-73.3569,9.8918,MB-CS-LL,La luisa,0,1,76,28.633,1441,Bosque,Secundario
MB-CS-LL_02,Ref_La luisa,Rio cesar,Cesar,-73.3588,9.8862,MB-CS-LL,La luisa,0,1,70,28.683,1334,Ssp,Intensivo
MB-CS-LL_03,Ref_La luisa,Rio cesar,Cesar,-73.3585,9.8834,MB-CS-LL,La luisa,0,1,73,28.683,1334,Pastizales,
MB-CS-LL_04,Ref_La luisa,Rio cesar,Cesar,-73.3589,9.8811,MB-CS-LL,La luisa,0,1,75,28.683,1313,Ssp,Arboles dispersos
MB-CS-PV_01,2193,Rio cesar,Cesar,-73.1588,10.5801,MB-CS-PV,Palmares de venecia,0,1,160,27.942,1156,Ssp,Banco de forraje
MB-CS-PV_02,2193,Rio cesar,Cesar,-73.159,10.5822,MB-CS-PV,Palmares de venecia,0,1,157,27.942,1156,Ssp,Arboles dispersos
MB-CS-PV_03,2193,Rio cesar,Cesar,-73.161,10.5839,MB-CS-PV,Palmares de venecia,0,1,167,27.892,1229,Ssp,Intensivo
MB-CS-PV_04,2193,Rio cesar,Cesar,-73.1617,10.5849,MB-CS-PV,Palmares de venecia,0,1,168,27.892,1229,Bosque,Secundario
MB-CS-SI_01,2063,Rio cesar,Cesar,-73.2336,9.885,MB-CS-SI,Santa isabel – parcela 52,0,1,115,28.267,1538,Ssp,Arboles dispersos
MB-CS-SI_02,2063,Rio cesar,Cesar,-73.2324,9.8819,MB-CS-SI,Santa isabel – parcela 52,0,1,115,28.167,1639,Ssp,Arboles dispersos
MB-CS-SI_03,2063,Rio cesar,Cesar,-73.2336,9.8834,MB-CS-SI,Santa isabel – parcela 52,0,1,113,28.267,1538,Ssp,Arboles dispersos
MB-CS-SI_04,2063,Rio cesar,Cesar,-73.2325,9.8811,MB-CS-SI,Santa isabel – parcela 52,0,1,122,28.167,1639,Bosque,Ripario
MB-G-LO_01,3219,Rio cesar,Guajira,-72.9562,10.8552,MB-G-LO,La oka,0,1,224,27.333,1217,Ssp,Arboles dispersos
MB-G-LO_02,3219,Rio cesar,Guajira,-72.9586,10.8508,MB-G-LO,La oka,0,1,227,27.242,1108,Ssp,Arboles dispersos
MB-G-LO_03,3219,Rio cesar,Guajira,-72.9562,10.8504,MB-G-LO,La oka,0,1,222,27.333,1217,Pastizales,
MB-G-LO_04,3219,Rio cesar,Guajira,-72.9555,10.8506,MB-G-LO,La oka,0,1,223,27.333,1217,Ssp,Arboles dispersos
MB-G-LO_05,3219,Rio cesar,Guajira,-72.9552,10.8474,MB-G-LO,La oka,0,1,222,27.308,1140,Bosque,Secundario
MB-G-LP_01,671,Rio cesar,Guajira,-73.089,10.5201,MB-G-LP,La pradera,1823,1,167,27.825,1191,Ssp,Arboles dispersos
MB-G-LP_02,671,Rio cesar,Guajira,-73.0885,10.5161,MB-G-LP,La pradera,2143,1,170,27.783,1291,Pastizales,
MB-G-LP_03,671,Rio cesar,Guajira,-73.0874,10.5169,MB-G-LP,La pradera,2018,1,171,27.825,1191,Ssp,Intensivo
MB-G-LP_04,671,Rio cesar,Guajira,-73.0921,10.5229,MB-G-LP,La pradera,1823,1,163,27.917,1175,Ssp,Arboles dispersos
MB-M-C_01,3065,Piedemonte,Meta,-73.6629,3.7377,MB-M-C,Camaguey,0,1,393,25.433,3162,Pastizales,
MB-M-C_02,3065,Piedemonte,Meta,-73.6626,3.7358,MB-M-C,Camaguey,0,1,393,25.433,3162,Ssp,Cerca viva
MB-M-C_03,3065,Piedemonte,Meta,-73.6635,3.7339,MB-M-C,Camaguey,0,1,398,25.433,3162,Ssp,Intensivo
MB-M-C_04,3065,Piedemonte,Meta,-73.6613,3.7326,MB-M-C,Camaguey,0,1,401,25.45,3131,Bosque,Ripario
MB-M-EPO2_01,268,Piedemonte,Meta,-73.8208,3.7913,MB-M-EPO2,El porvenir 2,0,1,555,24.65,3825,Bosque,Ripario
MB-M-EPO2_02,268,Piedemonte,Meta,-73.8214,3.7907,MB-M-EPO2,El porvenir 2,0,1,553,24.65,3825,Ssp,Arboles dispersos
MB-M-EPO2_03,268,Piedemonte,Meta,-73.8222,3.7896,MB-M-EPO2,El porvenir 2,0,1,553,24.65,3825,Pastizales,
MB-M-EPO2_04,268,Piedemonte,Meta,-73.8212,3.7866,MB-M-EPO2,El porvenir 2,0,1,554,24.65,3825,Ssp,Intensivo
MB-M-NC_01,35,Piedemonte,Meta,-73.6831,3.6891,MB-M-NC,Nuevo caney,0,1,399,25.5,3211,Ssp,Arboles dispersos
MB-M-NC_02,35,Piedemonte,Meta,-73.6831,3.6876,MB-M-NC,Nuevo caney,0,1,399,25.5,3211,Bosque,Secundario
MB-M-NC_03,35,Piedemonte,Meta,-73.685,3.6904,MB-M-NC,Nuevo caney,0,1,403,25.467,3150,Ssp,Arboles dispersos
MB-M-NC_04,35,Piedemonte,Meta,-73.6874,3.6921,MB-M-NC,Nuevo caney,0,1,404,25.45,3077,Ssp,Arboles dispersos
MB-M-S_01,1556,Piedemonte,Meta,-73.5353,3.711,MB-M-S,Sion,0,1,323,25.792,3047,Bosque,Ripario
MB-M-S_02,1556,Piedemonte,Meta,-73.5351,3.7087,MB-M-S,Sion,0,1,318,25.792,3047,Pastizales,
MB-M-S_03,1556,Piedemonte,Meta,-73.5373,3.7094,MB-M-S,Sion,0,1,319,25.792,3047,Ssp,Intensivo
MB-M-S_04,1556,Piedemonte,Meta,-73.5366,3.7092,MB-M-S,Sion,0,1,319,25.792,3047,Pastizales,
MB-R-LES_01,1383,Cafetera,Risaralda,-75.68,4.7219,MB-R-LES,La esperanza,0,1,1651,19,2139,Ssp,Arboles dispersos
MB-R-LES_02,1383,Cafetera,Risaralda,-75.6803,4.7215,MB-R-LES,La esperanza,0,1,1645,19,2139,Ssp,Intensivo
MB-R-LES_03,1383,Cafetera,Risaralda,-75.6812,4.7206,MB-R-LES,La esperanza,0,1,1656,19,2139,Ssp,Intensivo
MB-R-LES_04,1383,Cafetera,Risaralda,-75.6804,4.7219,MB-R-LES,La esperanza,0,1,1651,19,2139,Ssp,Intensivo
MB-S-BA_01,3580,Cordillera oriental,Santander,-73.13,6.2711,MB-S-BA,Buenos aires,21,1,1429,20.825,2301,Bosque,Secundario
MB-S-BA_02,3580,Cordillera oriental,Santander,-73.127,6.2684,MB-S-BA,Buenos aires,70,1,1394,20.825,2301,Ssp,Intensivo
MB-S-BA_03,3580,Cordillera oriental,Santander,-73.1274,6.2682,MB-S-BA,Buenos aires,43,1,1404,20.825,2301,Ssp,Arboles dispersos
MB-S-BA_04,3580,Cordillera oriental,Santander,-73.1283,6.2685,MB-S-BA,Buenos aires,0,1,1402,20.825,2301,Ssp,Intensivo
MB-S-LR_01,225,Cordillera oriental,Santander,-73.1446,6.1918,MB-S-LR,La reliquia,0,1,1584,19.7,2133,Bosque,Ripario
MB-S-LR_02,225,Cordillera oriental,Santander,-73.145,6.191,MB-S-LR,La reliquia,0,1,1595,19.733,2235,Pastizales,
MB-S-LR_03,225,Cordillera oriental,Santander,-73.1458,6.1906,MB-S-LR,La reliquia,0,1,1568,19.733,2235,Ssp,Intensivo
MB-S-LR_04,225,Cordillera oriental,Santander,-73.146,6.1916,MB-S-LR,La reliquia,0,1,1537,19.733,2235,Ssp,Intensivo
MB-S-V_01,3576,Cordillera oriental,Santander,-73.0364,6.3064,MB-S-V,Valparaiso,0,1,1638,19.275,1997,Bosque,Secundario
MB-S-V_02,3576,Cordillera oriental,Santander,-73.0385,6.3066,MB-S-V,Valparaiso,0,1,1640,19.275,1997,Pastizales,
MB-S-V_03,3576,Cordillera oriental,Santander,-73.0409,6.3051,MB-S-V,Valparaiso,0,1,1712,19.275,1997,Ssp,Arboles dispersos
MB-S-V_04,3576,Cordillera oriental,Santander,-73.0389,6.3044,MB-S-V,Valparaiso,0,1,1633,19.275,1997,Ssp,Setos
MB-T-ECH_01,1262,Cafetera,Tolima,-74.99,4.4776,MB-T-ECH,El chaco,0,1,580,26.125,1840,Bosque,Secundario
MB-T-ECH_02,1262,Cafetera,Tolima,-74.9876,4.4781,MB-T-ECH,El chaco,0,1,574,26.125,1840,Ssp,Intensivo
MB-T-ECH_03,1262,Cafetera,Tolima,-74.983,4.4821,MB-T-ECH,El chaco,0,1,563,26.225,1892,Ssp,Intensivo
MB-T-ECH_04,1262,Cafetera,Tolima,-74.9813,4.4814,MB-T-ECH,El chaco,0,1,561,26.225,1892,Ssp,Arboles dispersos
MB-T-SA_01,1353,Cafetera,Tolima,-74.7938,4.8763,MB-T-SA,Santaren,169,1,235,27.058,2216,Bosque,Secundario
MB-T-SA_02,1353,Cafetera,Tolima,-74.7932,4.8785,MB-T-SA,Santaren,0,1,237,27.058,2216,Ssp,Arboles dispersos
MB-T-SA_03,1353,Cafetera,Tolima,-74.7915,4.8805,MB-T-SA,Santaren,0,1,239,27.042,2231,Pastizales,
MB-T-SA_04,1353,Cafetera,Tolima,-74.7906,4.8798,MB-T-SA,Santaren,0,1,234,27.042,2231,Ssp,Intensivo
MB-VC-EB_01,344,Cafetera,Valle del cauca,-75.9154,3.9477,MB-VC-EB,El brillante,0,1,3284,9.783,1391,Bosque,Ripario
MB-VC-EB_02,344,Cafetera,Valle del cauca,-75.9147,3.9478,MB-VC-EB,El brillante,0,1,3279,9.783,1391,Bosque,Ripario
MB-VC-EB_03,344,Cafetera,Valle del cauca,-75.9154,3.9498,MB-VC-EB,El brillante,0,1,3327,9.783,1391,Bosque,Ripario
MB-VC-EH_01,Ref_El hatico,Cafetera,Valle del cauca,-76.3242,3.6434,MB-VC-EH,El hatico,0,4,1014,23.35,1466,Bosque,Maduro
MB-VC-EH_02,Ref_El hatico,Cafetera,Valle del cauca,-76.321,3.6451,MB-VC-EH,El hatico,0,4,1000,23.35,1466,Bosque,Ripario
MB-VC-EH_03,Ref_El hatico,Cafetera,Valle del cauca,-76.3162,3.6437,MB-VC-EH,El hatico,0,4,1000,23.333,1406,Ssp,Intensivo
MB-VC-EH_04,Ref_El hatico,Cafetera,Valle del cauca,-76.3142,3.6443,MB-VC-EH,El hatico,0,4,1004,23.333,1406,Ssp,Cerca viva
MB-VC-LCH_01,995,Cafetera,Valle del cauca,-76.2264,3.8786,MB-VC-LCH,Los chagualos,51,1,1374,20.417,1517,Bosque,Secundario
MB-VC-LCH_02,995,Cafetera,Valle del cauca,-76.2278,3.8776,MB-VC-LCH,Los chagualos,65,1,1418,20.417,1517,Pastizales,
MB-VC-LCH_03,995,Cafetera,Valle del cauca,-76.2267,3.8773,MB-VC-LCH,Los chagualos,0,1,1417,20.417,1517,Ssp,Intensivo
MB-VC-LCH_04,995,Cafetera,Valle del cauca,-76.2265,3.8763,MB-VC-LCH,Los chagualos,0,1,1428,20.417,1517,Ssp,Banco de forraje
MB-VC-L_01,Ref_Lucerna,Cafetera,Valle del cauca,-76.1446,4.2452,MB-VC-L,Lucerna,0,1,933,23.817,1582,Bosque,Secundario
MB-VC-L_02,Ref_Lucerna,Cafetera,Valle del cauca,-76.1427,4.2457,MB-VC-L,Lucerna,0,1,934,23.817,1582,Ssp,Cerca viva
MB-VC-L_03,Ref_Lucerna,Cafetera,Valle del cauca,-76.1421,4.242,MB-VC-L,Lucerna,0,1,938,23.817,1582,Ssp,Intensivo
MB-VC-L_04,Ref_Lucerna,Cafetera,Valle del cauca,-76.1464,4.24,MB-VC-L,Lucerna,0,1,933,23.825,1562,Pastizales,
MB-VC-P_01,735,Cafetera,Valle del cauca,-75.7884,4.6814,MB-VC-P,Pinzacua,0,1,1220,21.75,1922,Ssp,Arboles dispersos
MB-VC-P_02,735,Cafetera,Valle del cauca,-75.7893,4.6817,MB-VC-P,Pinzacua,0,1,1216,21.75,1922,Bosque,Secundario
MB-VC-P_03,735,Cafetera,Valle del cauca,-75.7893,4.6812,MB-VC-P,Pinzacua,0,1,1213,21.75,1922,Ssp,Arboles dispersos
MB-VC-P_04,735,Cafetera,Valle del cauca,-75.7881,4.6808,MB-VC-P,Pinzacua,0,1,1215,21.75,1922,Ssp,Setos
MB-VC-SJ_01,1607,Cafetera,Valle del cauca,-75.7388,4.6949,MB-VC-SJ,San jose,0,1,1378,20.733,2019,Bosque,Ripario
MB-VC-SJ_02,1607,Cafetera,Valle del cauca,-75.7361,4.6932,MB-VC-SJ,San jose,0,1,1412,20.733,2019,Ssp,Cerca viva
MB-VC-SJ_03,1607,Cafetera,Valle del cauca,-75.7368,4.6938,MB-VC-SJ,San jose,0,1,1401,20.733,2019,Pastizales,
MB-VC-SJ_04,1607,Cafetera,Valle del cauca,-75.7384,4.6944,MB-VC-SJ,San jose,0,1,1378,20.733,2019,Ssp,Intensivo
AD-M-CO_01,3886,Piedemonte,Meta,-73.6735,3.335,AD-M-CO,Corinto,0,5,311,26.108,2845,Mosaic,
AD-M-CO_02,3886,Piedemonte,Meta,-73.6739,3.3339,AD-M-CO,Corinto,0,5,314,26.108,2845,Ssp,Cerca viva
AD-M-CO_03,3886,Piedemonte,Meta,-73.6728,3.3328,AD-M-CO,Corinto,0,5,316,26.008,2811,Ssp,Cerca viva
AD-M-CO_04,3886,Piedemonte,Meta,-73.6733,3.3318,AD-M-CO,Corinto,0,5,315,26.008,2811,Ssp,Cerca viva
AD-M-CO_05,3886,Piedemonte,Meta,-73.6747,3.3316,AD-M-CO,Corinto,0,5,316,26.008,2811,Bosque,Secundario
AD-M-CO_06,3886,Piedemonte,Meta,-73.676,3.3319,AD-M-CO,Corinto,0,5,318,25.975,2904,Bosque,Secundario
AD-M-CO_07,3886,Piedemonte,Meta,-73.6672,3.3329,AD-M-CO,Corinto,458,5,308,26.008,2811,Pastizales,
AD-M-CO_08,3886,Piedemonte,Meta,-73.6785,3.3329,AD-M-CO,Corinto,0,5,325,25.975,2904,Ssp,Cerca viva
AD-M-CO_09,3886,Piedemonte,Meta,-73.6675,3.334,AD-M-CO,Corinto,399,5,308,26.108,2845,Pastizales,
AD-M-CO_10,3886,Piedemonte,Meta,-73.6768,3.3354,AD-M-CO,Corinto,0,5,317,26.033,2793,Bosque,Secundario
AD-M-CO_11,3886,Piedemonte,Meta,-73.6755,3.3347,AD-M-CO,Corinto,0,5,314,26.033,2793,Ssp,Cerca viva
AD-M-EPO3_01,261,Piedemonte,Meta,-73.7976,3.6725,AD-M-EPO3,El porvenir 3,0,4,429,25.325,2897,Mosaic,
AD-M-EPO3_02,261,Piedemonte,Meta,-73.7984,3.6719,AD-M-EPO3,El porvenir 3,0,4,425,25.325,2897,Ssp,Cerca viva
AD-M-EPO3_03,261,Piedemonte,Meta,-73.7983,3.6689,AD-M-EPO3,El porvenir 3,0,4,424,25.325,2897,Ssp,Arboles dispersos
AD-M-EPO3_04,261,Piedemonte,Meta,-73.7971,3.6689,AD-M-EPO3,El porvenir 3,0,4,424,25.325,2897,Pastizales,
AD-M-EPO3_05,261,Piedemonte,Meta,-73.796,3.6694,AD-M-EPO3,El porvenir 3,0,4,425,25.325,2897,Ssp,Cerca viva
AD-M-EPO3_06,261,Piedemonte,Meta,-73.795,3.6687,AD-M-EPO3,El porvenir 3,0,4,424,25.325,2897,Ssp,Arboles dispersos
AD-M-EPO3_07,261,Piedemonte,Meta,-73.7945,3.6675,AD-M-EPO3,El porvenir 3,0,4,425,25.325,2897,Bosque,Secundario
AD-M-EPO3_08,261,Piedemonte,Meta,-73.7947,3.6699,AD-M-EPO3,El porvenir 3,0,4,424,25.325,2897,Ssp,Arboles dispersos
AD-M-EPO3_09,261,Piedemonte,Meta,-73.7949,3.671,AD-M-EPO3,El porvenir 3,0,4,425,25.325,2897,Ssp,Arboles dispersos
AD-M-EPO3_10,261,Piedemonte,Meta,-73.796,3.6708,AD-M-EPO3,El porvenir 3,0,4,427,25.325,2897,Ssp,Arboles dispersos
AD-M-EPO3_11,261,Piedemonte,Meta,-73.7969,3.6714,AD-M-EPO3,El porvenir 3,0,4,427,25.325,2897,Bosque,Secundario
AD-M-LCA1_01,3958,Piedemonte,Meta,-73.743,3.3838,AD-M-LCA1,Los cambulos 1,0,5,318,25.975,2702,Ssp,Arboles dispersos
AD-M-LCA1_02,3958,Piedemonte,Meta,-73.7426,3.3825,AD-M-LCA1,Los cambulos 1,0,5,341,25.775,2705,Mosaic,
AD-M-LCA1_03,3958,Piedemonte,Meta,-73.7417,3.3819,AD-M-LCA1,Los cambulos 1,0,5,342,25.775,2705,Mosaic,
AD-M-LCA1_04,3958,Piedemonte,Meta,-73.7413,3.3811,AD-M-LCA1,Los cambulos 1,30,5,347,25.808,2732,Bosque,Secundario
AD-M-LCA1_05,3958,Piedemonte,Meta,-73.7414,3.3802,AD-M-LCA1,Los cambulos 1,42,5,362,25.808,2732,Bosque,Secundario
AD-M-LCA1_06,3958,Piedemonte,Meta,-73.7416,3.3793,AD-M-LCA1,Los cambulos 1,42,5,366,25.808,2732,Mosaic,
AD-M-LCA1_07,3958,Piedemonte,Meta,-73.742,3.3784,AD-M-LCA1,Los cambulos 1,4304,5,366,25.775,2705,Ssp,Cerca viva
AD-M-LCA1_08,3958,Piedemonte,Meta,-73.7425,3.3776,AD-M-LCA1,Los cambulos 1,0,5,366,25.775,2705,Ssp,Arboles dispersos
AD-M-LCA1_09,3958,Piedemonte,Meta,-73.7433,3.378,AD-M-LCA1,Los cambulos 1,0,5,366,25.775,2705,Pastizales,
AD-M-LCA1_10,3958,Piedemonte,Meta,-73.7442,3.3784,AD-M-LCA1,Los cambulos 1,0,5,366,25.775,2705,Mosaic,
AD-M-LCA1_11,3958,Piedemonte,Meta,-73.7439,3.3797,AD-M-LCA1,Los cambulos 1,0,5,365,25.775,2705,Bosque,Secundario
AD-M-LCA2_01,275,Piedemonte,Meta,-73.6492,3.5919,AD-M-LCA2,Los cambulos 2,0,5,353,25.742,2916,Ssp,Cerca viva
AD-M-LCA2_02,275,Piedemonte,Meta,-73.643,3.5972,AD-M-LCA2,Los cambulos 2,0,5,351,25.742,2916,Ssp,Cerca viva
AD-M-LCA2_03,275,Piedemonte,Meta,-73.6434,3.596,AD-M-LCA2,Los cambulos 2,0,5,360,25.742,2916,Bosque,Secundario
AD-M-LCA2_04,275,Piedemonte,Meta,-73.6442,3.5943,AD-M-LCA2,Los cambulos 2,0,5,353,25.742,2916,Bosque,Secundario
AD-M-LCA2_05,275,Piedemonte,Meta,-73.6443,3.5929,AD-M-LCA2,Los cambulos 2,0,5,351,25.742,2916,Ssp,Cerca viva
AD-M-LCA2_06,275,Piedemonte,Meta,-73.6451,3.5916,AD-M-LCA2,Los cambulos 2,0,5,352,25.758,3006,Bosque,Secundario
AD-M-LCA2_07,275,Piedemonte,Meta,-73.6459,3.5906,AD-M-LCA2,Los cambulos 2,0,5,352,25.758,3006,Bosque,Secundario
AD-M-LCA2_08,275,Piedemonte,Meta,-73.6465,3.5897,AD-M-LCA2,Los cambulos 2,0,5,350,25.758,3006,Mosaic,
AD-M-LCA2_09,275,Piedemonte,Meta,-73.6478,3.5907,AD-M-LCA2,Los cambulos 2,0,5,352,25.758,3006,Mosaic,
AD-M-LCA2_10,275,Piedemonte,Meta,-73.6478,3.5919,AD-M-LCA2,Los cambulos 2,0,5,352,25.742,2916,Ssp,Arboles dispersos
AD-M-LCA2_11,275,Piedemonte,Meta,-73.6481,3.593,AD-M-LCA2,Los cambulos 2,0,5,353,25.742,2916,Bosque,Secundario
AD-M-LC_01,4755,Piedemonte,Meta,-73.7225,3.4162,AD-M-LC,La candelaria,8,5,312,26.025,2764,Bosque,Secundario
AD-M-LC_02,4755,Piedemonte,Meta,-73.7214,3.4171,AD-M-LC,La candelaria,0,5,308,26.033,2754,Mosaic,
AD-M-LC_03,4755,Piedemonte,Meta,-73.7201,3.4181,AD-M-LC,La candelaria,0,5,306,26.033,2754,Mosaic,
AD-M-LC_04,4755,Piedemonte,Meta,-73.72,3.4194,AD-M-LC,La candelaria,0,5,303,26.033,2754,Mosaic,
AD-M-LC_05,4755,Piedemonte,Meta,-73.72,3.4204,AD-M-LC,La candelaria,0,5,304,26.033,2754,Ssp,Arboles dispersos
AD-M-LC_06,4755,Piedemonte,Meta,-73.7207,3.4211,AD-M-LC,La candelaria,0,5,304,26.033,2754,Ssp,Arboles dispersos
AD-M-LC_07,4755,Piedemonte,Meta,-73.7208,3.4222,AD-M-LC,La candelaria,0,5,305,26.033,2754,Ssp,Cerca viva
AD-M-LC_08,4755,Piedemonte,Meta,-73.7214,3.4229,AD-M-LC,La candelaria,1,5,303,26.033,2754,Ssp,Cerca viva
AD-M-LC_09,4755,Piedemonte,Meta,-73.7228,3.423,AD-M-LC,La candelaria,78,5,302,26.033,2754,Cultivos,
AD-M-LC_10,4755,Piedemonte,Meta,-73.7243,3.4208,AD-M-LC,La candelaria,0,5,306,26.033,2754,Ssp,Cerca viva
AD-M-LC_11,4755,Piedemonte,Meta,-73.7241,3.419,AD-M-LC,La candelaria,0,5,309,26.033,2754,Ssp,Cerca viva
AD-M-LD1_01,4689,Piedemonte,Meta,-73.677,3.426,AD-M-LD1,Las delicias 1,46,4,286,26.092,2745,Mosaic,
AD-M-LD1_02,4689,Piedemonte,Meta,-73.6778,3.4268,AD-M-LD1,Las delicias 1,60,5,281,26.092,2745,Ssp,Cerca viva
AD-M-LD1_03,4689,Piedemonte,Meta,-73.6788,3.4261,AD-M-LD1,Las delicias 1,182,5,285,26.092,2745,Bosque,Secundario
AD-M-LD1_04,4689,Piedemonte,Meta,-73.6797,3.4265,AD-M-LD1,Las delicias 1,151,5,284,26.092,2745,Bosque,Secundario
AD-M-LD1_05,4689,Piedemonte,Meta,-73.6798,3.4275,AD-M-LD1,Las delicias 1,57,5,286,26.092,2745,Ssp,Arboles dispersos
AD-M-LD1_06,4689,Piedemonte,Meta,-73.6788,3.4279,AD-M-LD1,Las delicias 1,16,5,281,26.092,2745,Mosaic,
AD-M-LD1_07,4689,Piedemonte,Meta,-73.6768,3.4269,AD-M-LD1,Las delicias 1,0,5,284,26.092,2745,Bosque,Secundario
AD-M-LD1_08,4689,Piedemonte,Meta,-73.6757,3.4266,AD-M-LD1,Las delicias 1,0,5,286,26.092,2745,Bosque,Secundario
AD-M-LD1_09,4689,Piedemonte,Meta,-73.6743,3.4271,AD-M-LD1,Las delicias 1,0,5,286,26.108,2575,Bosque,Secundario
AD-M-LD1_10,4689,Piedemonte,Meta,-73.6748,3.4259,AD-M-LD1,Las delicias 1,0,5,288,26.108,2575,Bosque,Secundario
AD-M-LD1_11,4689,Piedemonte,Meta,-73.674,3.4249,AD-M-LD1,Las delicias 1,0,5,283,26.108,2691,Mosaic,
AD-M-LE_01,5240,Piedemonte,Meta,-73.639,3.5753,AD-M-LE,La esmeralda,0,5,347,25.775,2905,Ssp,Cerca viva
AD-M-LE_02,5240,Piedemonte,Meta,-73.6395,3.5764,AD-M-LE,La esmeralda,0,5,348,25.775,2905,Bosque,Secundario
AD-M-LE_03,5240,Piedemonte,Meta,-73.6394,3.5777,AD-M-LE,La esmeralda,0,5,351,25.775,2905,Bosque,Secundario
AD-M-LE_04,5240,Piedemonte,Meta,-73.6401,3.5787,AD-M-LE,La esmeralda,11,5,352,25.775,2905,Mosaic,
AD-M-LE_05,5240,Piedemonte,Meta,-73.639,3.5792,AD-M-LE,La esmeralda,117,5,347,25.775,2905,Ssp,Cerca viva
AD-M-LE_06,5240,Piedemonte,Meta,-73.638,3.5796,AD-M-LE,La esmeralda,214,5,349,25.775,2905,Ssp,Cerca viva
AD-M-LE_07,5240,Piedemonte,Meta,-73.637,3.5799,AD-M-LE,La esmeralda,292,5,348,25.775,2905,Ssp,Arboles dispersos
AD-M-LE_08,5240,Piedemonte,Meta,-73.636,3.5797,AD-M-LE,La esmeralda,334,5,347,25.775,2905,Ssp,Arboles dispersos
AD-M-LE_09,5240,Piedemonte,Meta,-73.6353,3.5783,AD-M-LE,La esmeralda,274,5,345,25.775,2905,Mosaic,
AD-M-LE_10,5240,Piedemonte,Meta,-73.6354,3.5765,AD-M-LE,La esmeralda,119,5,346,25.775,2905,Ssp,Arboles dispersos
AD-M-LE_11,5240,Piedemonte,Meta,-73.6374,3.5749,AD-M-LE,La esmeralda,2,5,346,25.775,2917,Ssp,Cerca viva
AD-M-LPA_01,3944,Piedemonte,Meta,-73.7156,3.4109,AD-M-LPA,Las pavas,0,5,301,26.042,2680,Mosaic,
AD-M-LPA_02,3944,Piedemonte,Meta,-73.7153,3.4121,AD-M-LPA,Las pavas,0,5,301,26.042,2680,Ssp,Cerca viva
AD-M-LPA_03,3944,Piedemonte,Meta,-73.7142,3.4125,AD-M-LPA,Las pavas,0,5,299,26.042,2680,Ssp,Cerca viva
AD-M-LPA_04,3944,Piedemonte,Meta,-73.7132,3.4133,AD-M-LPA,Las pavas,0,5,299,26.042,2680,Ssp,Cerca viva
AD-M-LPA_05,3944,Piedemonte,Meta,-73.713,3.4145,AD-M-LPA,Las pavas,0,5,300,26.042,2680,Bosque,Ripario
AD-M-LPA_06,3944,Piedemonte,Meta,-73.7122,3.4139,AD-M-LPA,Las pavas,0,5,298,26.042,2680,Ssp,Cerca viva
AD-M-LPA_07,3944,Piedemonte,Meta,-73.7111,3.4131,AD-M-LPA,Las pavas,0,5,299,26.042,2680,Ssp,Cerca viva
AD-M-LPA_08,3944,Piedemonte,Meta,-73.7108,3.4118,AD-M-LPA,Las pavas,0,5,299,26.042,2680,Ssp,Cerca viva
AD-M-LPA_09,3944,Piedemonte,Meta,-73.7115,3.4109,AD-M-LPA,Las pavas,0,5,298,26.042,2680,Ssp,Cerca viva
AD-M-LPA_10,3944,Piedemonte,Meta,-73.7127,3.411,AD-M-LPA,Las pavas,0,5,300,26.042,2680,Ssp,Cerca viva
AD-M-LPA_11,3944,Piedemonte,Meta,-73.7139,3.4108,AD-M-LPA,Las pavas,0,5,299,26.042,2680,Ssp,Cerca viva
AD-M-LP_01,4766,Piedemonte,Meta,-73.6746,3.3402,AD-M-LP,Las palmas,0,5,273,26.108,2845,Ssp,Cerca viva
AD-M-LP_02,4766,Piedemonte,Meta,-73.6752,3.339,AD-M-LP,Las palmas,0,5,278,26.033,2793,Ssp,Cerca viva
AD-M-LP_03,4766,Piedemonte,Meta,-73.6764,3.3386,AD-M-LP,Las palmas,0,5,288,26.033,2793,Bosque,Secundario
AD-M-LP_04,4766,Piedemonte,Meta,-73.6774,3.3391,AD-M-LP,Las palmas,0,5,305,26.033,2793,Bosque,Secundario
AD-M-LP_05,4766,Piedemonte,Meta,-73.6782,3.3398,AD-M-LP,Las palmas,0,5,300,26.033,2793,Mosaic,
AD-M-LP_06,4766,Piedemonte,Meta,-73.6789,3.339,AD-M-LP,Las palmas,0,5,319,26.033,2793,Mosaic,
AD-M-LP_07,4766,Piedemonte,Meta,-73.6793,3.338,AD-M-LP,Las palmas,0,5,319,26.033,2793,Ssp,Arboles dispersos
AD-M-LP_08,4766,Piedemonte,Meta,-73.6803,3.3368,AD-M-LP,Las palmas,0,5,320,26.033,2793,Ssp,Arboles dispersos
AD-M-LP_09,4766,Piedemonte,Meta,-73.6792,3.3365,AD-M-LP,Las palmas,0,5,317,26.033,2793,Ssp,Cerca viva
AD-M-LP_10,4766,Piedemonte,Meta,-73.678,3.3365,AD-M-LP,Las palmas,0,5,318,26.033,2793,Bosque,Secundario
AD-M-LP_11,4766,Piedemonte,Meta,-73.6771,3.3373,AD-M-LP,Las palmas,0,5,319,26.033,2793,Bosque,Secundario
AD-M-SM_01,4134,Piedemonte,Meta,-73.623,3.4301,AD-M-SM,San marcos,0,5,266,26.133,2911,Bosque,Secundario
AD-M-SM_02,4134,Piedemonte,Meta,-73.6218,3.4299,AD-M-SM,San marcos,0,5,268,26.133,2911,Ssp,Cerca viva
AD-M-SM_03,4134,Piedemonte,Meta,-73.6225,3.4288,AD-M-SM,San marcos,0,5,267,26.133,2911,Ssp,Arboles dispersos
AD-M-SM_04,4134,Piedemonte,Meta,-73.6237,3.4283,AD-M-SM,San marcos,0,5,269,26.133,2911,Ssp,Cerca viva
AD-M-SM_05,4134,Piedemonte,Meta,-73.6247,3.4278,AD-M-SM,San marcos,0,5,271,26.133,2911,Ssp,Cerca viva
AD-M-SM_06,4134,Piedemonte,Meta,-73.6256,3.4286,AD-M-SM,San marcos,0,5,272,26.117,2825,Ssp,Cerca viva
AD-M-SM_07,4134,Piedemonte,Meta,-73.6265,3.4295,AD-M-SM,San marcos,0,5,272,26.117,2825,Bosque,Secundario
AD-M-SM_08,4134,Piedemonte,Meta,-73.6261,3.4306,AD-M-SM,San marcos,0,5,275,26.117,2825,Bosque,Secundario
AD-M-SM_09,4134,Piedemonte,Meta,-73.6249,3.4312,AD-M-SM,San marcos,0,5,274,26.133,2911,Bosque,Secundario
AD-M-SM_10,4134,Piedemonte,Meta,-73.6244,3.4325,AD-M-SM,San marcos,1,5,271,26.133,2911,Bosque,Secundario
AD-M-SM_11,4134,Piedemonte,Meta,-73.6232,3.4324,AD-M-SM,San marcos,4,5,270,26.133,2911,Ssp,Cerca viva
MB-A-CL_01,1053,Bajo magdalena,Atlantico,-75.1623,10.766,MB-A-CL,Cielo lirio,0,11,114,27.058,1034,Bosque,Secundario
MB-A-CL_02,1053,Bajo magdalena,Atlantico,-75.1637,10.7659,MB-A-CL,Cielo lirio,0,11,92,27.058,1034,Bosque,Secundario
MB-A-CL_03,1053,Bajo magdalena,Atlantico,-75.1651,10.7661,MB-A-CL,Cielo lirio,0,11,60,27.058,1034,Bosque,Secundario
MB-A-CL_04,1053,Bajo magdalena,Atlantico,-75.1652,10.765,MB-A-CL,Cielo lirio,0,11,62,27.058,1034,Bosque,Secundario
MB-A-CL_05,1053,Bajo magdalena,Atlantico,-75.1643,10.7644,MB-A-CL,Cielo lirio,0,11,68,27.058,1034,Bosque,Secundario
MB-A-CL_06,1053,Bajo magdalena,Atlantico,-75.1625,10.7645,MB-A-CL,Cielo lirio,0,11,105,27.058,1034,Bosque,Secundario
MB-A-EG_01,2667,Bajo magdalena,Atlantico,-75.1483,10.7452,MB-A-EG,El girasol,0,11,59,27.233,1086,Bosque,Secundario
MB-A-EG_02,2667,Bajo magdalena,Atlantico,-75.1482,10.7461,MB-A-EG,El girasol,33,11,60,27.233,1086,Bosque,Secundario
MB-A-EG_03,2667,Bajo magdalena,Atlantico,-75.1475,10.7471,MB-A-EG,El girasol,0,11,69,27.233,1086,Bosque,Secundario
MB-A-EG_04,2667,Bajo magdalena,Atlantico,-75.1464,10.7465,MB-A-EG,El girasol,0,11,73,27.233,1086,Bosque,Secundario
MB-A-EG_05,2667,Bajo magdalena,Atlantico,-75.1456,10.7477,MB-A-EG,El girasol,0,11,103,27.233,1086,Bosque,Secundario
MB-A-EG_06,2667,Bajo magdalena,Atlantico,-75.1451,10.7488,MB-A-EG,El girasol,0,11,109,27.233,1086,Bosque,Secundario
MB-A-EPA_01,1053,Bajo magdalena,Atlantico,-75.1595,10.7665,MB-A-EPA,El palomar,0,11,162,27.058,1034,Bosque,Secundario
MB-A-EPA_02,1053,Bajo magdalena,Atlantico,-75.1591,10.765,MB-A-EPA,El palomar,0,11,197,27.058,1034,Bosque,Secundario
MB-A-EPA_03,1053,Bajo magdalena,Atlantico,-75.1588,10.7637,MB-A-EPA,El palomar,10,11,176,27.058,1034,Bosque,Secundario
MB-A-EPA_04,1053,Bajo magdalena,Atlantico,-75.1576,10.7641,MB-A-EPA,El palomar,126,11,191,26.75,1035,Bosque,Secundario
MB-A-EPA_05,1053,Bajo magdalena,Atlantico,-75.1566,10.7652,MB-A-EPA,El palomar,217,11,173,26.75,1035,Bosque,Secundario
MB-A-EPA_06,1053,Bajo magdalena,Atlantico,-75.1547,10.7657,MB-A-EPA,El palomar,413,11,157,26.75,1035,Bosque,Secundario
MB-A-ET_01,808,Bajo magdalena,Atlantico,-75.1713,10.7491,MB-A-ET,El trebol,0,11,32,27.5,1127,Bosque,Secundario
MB-A-ET_02,808,Bajo magdalena,Atlantico,-75.1705,10.7485,MB-A-ET,El trebol,0,11,33,27.5,1127,Bosque,Secundario
MB-A-ET_03,808,Bajo magdalena,Atlantico,-75.1706,10.7475,MB-A-ET,El trebol,0,11,32,27.5,1127,Bosque,Secundario
MB-A-ET_04,808,Bajo magdalena,Atlantico,-75.1719,10.7472,MB-A-ET,El trebol,0,11,30,27.5,1127,Bosque,Secundario
MB-A-ET_05,808,Bajo magdalena,Atlantico,-75.1719,10.7482,MB-A-ET,El trebol,1,11,30,27.5,1127,Bosque,Secundario
MB-A-ET_06,808,Bajo magdalena,Atlantico,-75.173,10.7481,MB-A-ET,El trebol,113,11,30,27.5,1127,Bosque,Secundario
MB-A-LRE_01,839,Bajo magdalena,Atlantico,-75.0624,10.6932,MB-A-LRE,La renuncia,0,11,59,27.65,1131,Bosque,Secundario
MB-A-LRE_02,839,Bajo magdalena,Atlantico,-75.0617,10.6923,MB-A-LRE,La renuncia,0,11,49,27.65,1131,Bosque,Secundario
MB-A-LRE_03,839,Bajo magdalena,Atlantico,-75.0613,10.6909,MB-A-LRE,La renuncia,0,11,48,27.7,1112,Bosque,Secundario
MB-A-LRE_04,839,Bajo magdalena,Atlantico,-75.0608,10.6898,MB-A-LRE,La renuncia,0,11,58,27.7,1112,Bosque,Secundario
MB-A-LRE_05,839,Bajo magdalena,Atlantico,-75.0613,10.6888,MB-A-LRE,La renuncia,0,11,52,27.7,1112,Bosque,Secundario
MB-A-LRE_06,839,Bajo magdalena,Atlantico,-75.062,10.6897,MB-A-LRE,La renuncia,0,11,45,27.7,1112,Bosque,Secundario
MB-G-CB_01,4166,Rio cesar,Guajira,-73.0366,11.0768,MB-G-CB,Campo bernal,0,6,209,26.883,1132,Bosque,Secundario
MB-G-CB_02,4166,Rio cesar,Guajira,-73.0355,11.0765,MB-G-CB,Campo bernal,0,6,205,26.883,1132,Bosque,Secundario
MB-G-CB_03,4166,Rio cesar,Guajira,-73.0345,11.076,MB-G-CB,Campo bernal,0,6,201,26.883,1132,Bosque,Secundario
MB-G-CB_04,4166,Rio cesar,Guajira,-73.0336,11.0765,MB-G-CB,Campo bernal,0,6,199,26.883,1132,Bosque,Secundario
MB-G-CB_05,4166,Rio cesar,Guajira,-73.0493,11.076,MB-G-CB,Campo bernal,1307,6,296,26.6,1161,Bosque,Secundario
MB-G-CB_06,4166,Rio cesar,Guajira,-73.0482,11.0759,MB-G-CB,Campo bernal,1186,6,299,26.6,1161,Bosque,Secundario
MB-G-ECO_01,4419,Rio cesar,Guajira,-72.9525,11.0213,MB-G-ECO,El corralito,0,6,758,23.558,1206,Bosque,Secundario
MB-G-ECO_02,4419,Rio cesar,Guajira,-72.9524,11.0227,MB-G-ECO,El corralito,0,6,800,23.558,1206,Bosque,Secundario
MB-G-ECO_03,4419,Rio cesar,Guajira,-72.9522,11.0236,MB-G-ECO,El corralito,0,6,837,23.558,1206,Bosque,Secundario
MB-G-ECO_04,4419,Rio cesar,Guajira,-72.9531,11.0241,MB-G-ECO,El corralito,0,6,853,23.558,1206,Bosque,Secundario
MB-G-ECO_05,4419,Rio cesar,Guajira,-72.9542,11.0239,MB-G-ECO,El corralito,0,6,912,23.558,1206,Bosque,Secundario
MB-G-ECO_06,4419,Rio cesar,Guajira,-72.9554,11.0237,MB-G-ECO,El corralito,0,6,923,23.558,1206,Bosque,Secundario
MB-G-EPAR_01,4334,Rio cesar,Guajira,-73.0095,11.1205,MB-G-EPAR,El paraiso,0,6,146,27.317,1011,Bosque,Secundario
MB-G-EPAR_02,4334,Rio cesar,Guajira,-73.0104,11.1206,MB-G-EPAR,El paraiso,0,6,142,27.317,1011,Bosque,Secundario
MB-G-EPAR_03,4334,Rio cesar,Guajira,-73.0112,11.12,MB-G-EPAR,El paraiso,0,6,147,27.317,1011,Bosque,Secundario
MB-G-EPAR_04,4334,Rio cesar,Guajira,-73.0121,11.1196,MB-G-EPAR,El paraiso,0,6,146,27.317,1011,Bosque,Secundario
MB-G-EPAR_05,4334,Rio cesar,Guajira,-73.0111,11.1191,MB-G-EPAR,El paraiso,0,6,152,27.317,1011,Bosque,Secundario
MB-G-EPAR_06,4334,Rio cesar,Guajira,-73.0112,11.1182,MB-G-EPAR,El paraiso,0,6,152,27.317,1011,Bosque,Secundario
MB-G-LU_01,4051,Rio cesar,Guajira,-72.9098,11.1447,MB-G-LU,La ultima carta,196,6,142,27.442,1072,Bosque,Secundario
MB-G-LU_02,4051,Rio cesar,Guajira,-72.9105,11.1435,MB-G-LU,La ultima carta,251,6,139,27.442,1072,Bosque,Ripario
MB-G-LU_03,4051,Rio cesar,Guajira,-72.9105,11.1424,MB-G-LU,La ultima carta,356,6,145,27.442,1072,Bosque,Ripario
MB-G-LU_04,4051,Rio cesar,Guajira,-72.9104,11.1413,MB-G-LU,La ultima carta,442,6,145,27.325,1113,Bosque,Ripario
MB-G-LU_05,4051,Rio cesar,Guajira,-72.9114,11.1408,MB-G-LU,La ultima carta,437,6,149,27.325,1113,Bosque,Secundario
MB-G-LU_06,4051,Rio cesar,Guajira,-72.9118,11.1397,MB-G-LU,La ultima carta,533,6,155,27.325,1113,Bosque,Secundario
MB-G-MV_01,4715,Rio cesar,Guajira,-72.9581,11.0231,MB-G-MV,Mis viejos,0,6,837,23.558,1206,Bosque,Secundario
MB-G-MV_02,4715,Rio cesar,Guajira,-72.9582,11.0218,MB-G-MV,Mis viejos,0,6,811,23.558,1206,Bosque,Secundario
MB-G-MV_03,4715,Rio cesar,Guajira,-72.9586,11.0209,MB-G-MV,Mis viejos,0,6,797,23.183,1251,Bosque,Secundario
MB-G-MV_04,4715,Rio cesar,Guajira,-72.9589,11.0199,MB-G-MV,Mis viejos,64,6,770,23.183,1251,Bosque,Secundario
MB-G-MV_05,4715,Rio cesar,Guajira,-72.9585,11.0188,MB-G-MV,Mis viejos,79,6,756,23.183,1251,Bosque,Secundario
MB-G-MV_06,4715,Rio cesar,Guajira,-72.9579,11.0176,MB-G-MV,Mis viejos,54,6,734,23.558,1206,Bosque,Secundario
MB-M-A_01-A,3188,Piedemonte,Meta,-73.8071,3.8049,MB-M-A,Andorra,0,18,543,24.742,3569,Bosque,Secundario
MB-M-A_01-B,1734,Piedemonte,Meta,-73.8072,3.8083,MB-M-A,Andorra,0,19,534,24.742,3569,Bosque,Ripario
MB-M-A_02-A,3188,Piedemonte,Meta,-73.8078,3.8041,MB-M-A,Andorra,0,18,545,24.742,3569,Bosque,Secundario
MB-M-A_02-B,1734,Piedemonte,Meta,-73.8079,3.8074,MB-M-A,Andorra,0,19,538,24.742,3569,Bosque,Ripario
MB-M-A_03-A,3188,Piedemonte,Meta,-73.8083,3.8032,MB-M-A,Andorra,0,18,536,24.742,3569,Bosque,Secundario
MB-M-A_03-B,3188,Piedemonte,Meta,-73.8088,3.8069,MB-M-A,Andorra,0,19,544,24.658,3642,Bosque,Ripario
MB-M-A_04-A,3188,Piedemonte,Meta,-73.8075,3.8027,MB-M-A,Andorra,0,18,536,24.742,3569,Bosque,Secundario
MB-M-A_04-B,3188,Piedemonte,Meta,-73.8092,3.8059,MB-M-A,Andorra,0,18,542,24.658,3642,Bosque,Ripario
MB-M-A_05-A,3188,Piedemonte,Meta,-73.8067,3.8034,MB-M-A,Andorra,0,18,545,24.742,3569,Bosque,Secundario
MB-M-A_05-B,3188,Piedemonte,Meta,-73.8102,3.806,MB-M-A,Andorra,0,18,543,24.658,3642,Bosque,Ripario
MB-M-A_06-A,3188,Piedemonte,Meta,-73.8062,3.8045,MB-M-A,Andorra,0,18,537,24.742,3569,Bosque,Secundario
MB-M-A_06-B,268,Piedemonte,Meta,-73.8111,3.8059,MB-M-A,Andorra,0,18,548,24.658,3642,Bosque,Ripario
MB-M-BV_01,3948,Piedemonte,Meta,-73.7219,3.3634,MB-M-BV,Buena vista,0,6,346,25.892,2794,Bosque,Secundario
MB-M-BV_02,3948,Piedemonte,Meta,-73.7229,3.3637,MB-M-BV,Buena vista,0,6,354,25.892,2794,Bosque,Secundario
MB-M-BV_03,3948,Piedemonte,Meta,-73.7241,3.3638,MB-M-BV,Buena vista,0,6,350,25.892,2794,Bosque,Secundario
MB-M-BV_04,3948,Piedemonte,Meta,-73.7254,3.3638,MB-M-BV,Buena vista,0,6,345,25.867,2792,Bosque,Secundario
MB-M-BV_05,3948,Piedemonte,Meta,-73.7261,3.365,MB-M-BV,Buena vista,0,6,329,25.867,2792,Bosque,Secundario
MB-M-BV_06,3948,Piedemonte,Meta,-73.7269,3.3659,MB-M-BV,Buena vista,0,6,312,25.867,2792,Bosque,Secundario
MB-M-EA_01,4121,Piedemonte,Meta,-73.6715,3.3314,MB-M-EA,El amparo,0,6,319,26.008,2811,Bosque,Secundario
MB-M-EA_02,4121,Piedemonte,Meta,-73.672,3.3304,MB-M-EA,El amparo,0,6,320,26.008,2811,Bosque,Secundario
MB-M-EA_03,4121,Piedemonte,Meta,-73.673,3.3291,MB-M-EA,El amparo,0,6,320,26.008,2811,Bosque,Secundario
MB-M-EA_04,4121,Piedemonte,Meta,-73.6729,3.3277,MB-M-EA,El amparo,0,6,319,26.008,2811,Bosque,Secundario
MB-M-EA_05,4121,Piedemonte,Meta,-73.6701,3.3263,MB-M-EA,El amparo,0,6,315,26.008,2811,Bosque,Secundario
MB-M-EA_06,4121,Piedemonte,Meta,-73.6689,3.3272,MB-M-EA,El amparo,0,6,322,26.008,2811,Bosque,Secundario
MB-M-EPO1_01,259,Piedemonte,Meta,-73.8432,3.8274,MB-M-EPO1,El porvenir 1,0,17,747,23.492,4079,Bosque,Ripario
MB-M-EPO1_02,259,Piedemonte,Meta,-73.8427,3.8281,MB-M-EPO1,El porvenir 1,0,17,749,23.492,4079,Bosque,Secundario
MB-M-EPO1_03,259,Piedemonte,Meta,-73.842,3.8285,MB-M-EPO1,El porvenir 1,0,14,754,23.492,4079,Bosque,Secundario
MB-M-EPO1_03_(1),259,Piedemonte,Meta,-73.8417,3.8293,MB-M-EPO1,El porvenir 1,0,9,751,23.492,4079,Bosque,Secundario
MB-M-EPO1_04,259,Piedemonte,Meta,-73.8409,3.8286,MB-M-EPO1,El porvenir 1,0,17,757,23.858,4255,Bosque,Secundario
MB-M-EPO1_05,259,Piedemonte,Meta,-73.8416,3.8279,MB-M-EPO1,El porvenir 1,0,17,749,23.858,4255,Bosque,Secundario
MB-M-EPO1_06,259,Piedemonte,Meta,-73.8422,3.8278,MB-M-EPO1,El porvenir 1,0,17,749,23.492,4079,Bosque,Secundario
MB-M-LCA1_01,3958,Piedemonte,Meta,-73.7436,3.3829,MB-M-LCA1,Los cambulos 1,0,6,329,25.775,2705,Bosque,Secundario
MB-M-LCA1_02,3958,Piedemonte,Meta,-73.743,3.3821,MB-M-LCA1,Los cambulos 1,0,6,341,25.775,2705,Bosque,Secundario
MB-M-LCA1_03,3958,Piedemonte,Meta,-73.7425,3.3812,MB-M-LCA1,Los cambulos 1,0,6,357,25.775,2705,Bosque,Secundario
MB-M-LCA1_04,3958,Piedemonte,Meta,-73.7446,3.3827,MB-M-LCA1,Los cambulos 1,0,6,336,25.775,2705,Bosque,Secundario
MB-M-LCA1_05,3958,Piedemonte,Meta,-73.7445,3.3816,MB-M-LCA1,Los cambulos 1,0,6,365,25.775,2705,Bosque,Secundario
MB-M-LCA1_06,3958,Piedemonte,Meta,-73.744,3.3805,MB-M-LCA1,Los cambulos 1,0,6,366,25.775,2705,Bosque,Secundario
MB-M-LCR_01,1732,Piedemonte,Meta,-73.84,3.819,MB-M-LCR,La cristalina,0,18,619,24.167,4350,Bosque,Ripario
MB-M-LCR_02,1732,Piedemonte,Meta,-73.8407,3.8202,MB-M-LCR,La cristalina,0,11,639,24.167,4350,Bosque,Ripario
MB-M-LCR_03,1732,Piedemonte,Meta,-73.8414,3.8196,MB-M-LCR,La cristalina,0,18,632,24.167,4350,Bosque,Ripario
MB-M-LCR_04,1732,Piedemonte,Meta,-73.8409,3.8189,MB-M-LCR,La cristalina,0,18,628,24.167,4350,Bosque,Ripario
MB-M-LCR_05,1732,Piedemonte,Meta,-73.8418,3.82,MB-M-LCR,La cristalina,0,11,640,23.892,4386,Bosque,Secundario
MB-M-LCR_06,1732,Piedemonte,Meta,-73.8424,3.8213,MB-M-LCR,La cristalina,0,11,668,23.892,4386,Bosque,Secundario
MB-M-LCR_07,1732,Piedemonte,Meta,-73.8413,3.8207,MB-M-LCR,La cristalina,0,7,645,24.167,4350,Bosque,Ripario
MB-M-LCR_08,1732,Piedemonte,Meta,-73.8395,3.8181,MB-M-LCR,La cristalina,0,7,608,24.167,4350,Ssp,Arboles dispersos
MB-M-LCR_09,1732,Piedemonte,Meta,-73.8388,3.8204,MB-M-LCR,La cristalina,0,7,622,24.167,4350,Ssp,Cerca viva
MB-M-LH_01-A,1501,Piedemonte,Meta,-73.6006,3.2994,MB-M-LH,La herradura,15,6,276,26.1,2668,Bosque,Secundario
MB-M-LH_01-B,1501,Piedemonte,Meta,-73.6064,3.2958,MB-M-LH,La herradura,256,6,289,26.1,2668,Bosque,Secundario
MB-M-LH_02-A,1501,Piedemonte,Meta,-73.6022,3.299,MB-M-LH,La herradura,0,6,284,26.1,2668,Bosque,Secundario
MB-M-LH_02-B,1501,Piedemonte,Meta,-73.6075,3.2949,MB-M-LH,La herradura,413,6,295,26.1,2668,Bosque,Secundario
MB-M-LH_03-A,1501,Piedemonte,Meta,-73.6056,3.2985,MB-M-LH,La herradura,25,6,281,26.1,2668,Bosque,Secundario
MB-M-LH_03-B,1501,Piedemonte,Meta,-73.6085,3.2958,MB-M-LH,La herradura,256,6,296,26.075,2693,Bosque,Secundario
MB-M-LH_04-A,1501,Piedemonte,Meta,-73.6063,3.2998,MB-M-LH,La herradura,108,6,281,26.1,2668,Bosque,Secundario
MB-M-LH_04-B,1501,Piedemonte,Meta,-73.6098,3.296,MB-M-LH,La herradura,565,6,296,26.075,2693,Bosque,Secundario
MB-M-LH_05-A,1501,Piedemonte,Meta,-73.6055,3.301,MB-M-LH,La herradura,90,6,290,26.167,2678,Bosque,Secundario
MB-M-LH_05-B,1501,Piedemonte,Meta,-73.6097,3.2948,MB-M-LH,La herradura,617,6,306,26.075,2693,Bosque,Secundario
MB-M-LH_06-A,1501,Piedemonte,Meta,-73.6065,3.302,MB-M-LH,La herradura,244,6,301,26.167,2678,Bosque,Secundario
MB-M-LH_06-B,1501,Piedemonte,Meta,-73.6093,3.2936,MB-M-LH,La herradura,664,6,291,26.075,2693,Bosque,Secundario
MB-M-LP1_01,1518,Piedemonte,Meta,-73.8206,3.8228,MB-M-LP1,La pradera 1,0,15,544,24.642,3881,Bosque,Ripario
MB-M-LP1_02,1518,Piedemonte,Meta,-73.8208,3.824,MB-M-LP1,La pradera 1,0,15,552,24.642,3881,Bosque,Secundario
MB-M-LP1_03,1518,Piedemonte,Meta,-73.8216,3.8235,MB-M-LP1,La pradera 1,0,15,564,24.642,3881,Bosque,Ripario
MB-M-LP1_04,1518,Piedemonte,Meta,-73.8206,3.8252,MB-M-LP1,La pradera 1,0,15,560,24.45,4192,Bosque,Ripario
MB-M-LP1_05,1518,Piedemonte,Meta,-73.821,3.8261,MB-M-LP1,La pradera 1,18,15,578,24.45,4192,Bosque,Ripario
MB-M-LP1_06,1518,Piedemonte,Meta,-73.822,3.8266,MB-M-LP1,La pradera 1,47,15,580,24.45,4192,Bosque,Ripario
MB-Q-ECOR_01,350,Cafetera,Quindio,-75.5615,4.6493,MB-Q-ECOR,El cortijo,0,15,1891,17.358,2051,Bosque,Ripario
MB-Q-ECOR_02,350,Cafetera,Quindio,-75.5617,4.65,MB-Q-ECOR,El cortijo,0,15,1895,17.358,2051,Bosque,Secundario
MB-Q-ECOR_03,350,Cafetera,Quindio,-75.5602,4.6509,MB-Q-ECOR,El cortijo,0,15,1951,16.717,2242,Bosque,Ripario
MB-Q-ECOR_04,350,Cafetera,Quindio,-75.5597,4.6518,MB-Q-ECOR,El cortijo,0,15,1943,16.717,2242,Bosque,Ripario
MB-Q-ECOR_05,350,Cafetera,Quindio,-75.5612,4.6505,MB-Q-ECOR,El cortijo,0,15,1937,16.717,2242,Bosque,Secundario
MB-Q-ECOR_06,350,Cafetera,Quindio,-75.5612,4.6499,MB-Q-ECOR,El cortijo,0,15,1891,17.358,2051,Bosque,Secundario
MB-Q-EC_01,731,Cafetera,Quindio,-75.5475,4.6357,MB-Q-EC,El cairo,466,8,2072,16.617,1888,Bosque,Secundario
MB-Q-EC_02,731,Cafetera,Quindio,-75.5481,4.6355,MB-Q-EC,El cairo,505,8,2084,16.617,1888,Bosque,Secundario
MB-Q-EC_03,731,Cafetera,Quindio,-75.5489,4.6353,MB-Q-EC,El cairo,578,8,2075,16.617,1888,Bosque,Secundario
MB-Q-EC_04,731,Cafetera,Quindio,-75.5486,4.6366,MB-Q-EC,El cairo,438,8,2052,16.617,1888,Bosque,Secundario
MB-Q-EC_05,731,Cafetera,Quindio,-75.5483,4.6343,MB-Q-EC,El cairo,626,8,2097,16.617,1888,Bosque,Secundario
MB-Q-EC_06,731,Cafetera,Quindio,-75.5471,4.6346,MB-Q-EC,El cairo,552,8,2107,16.617,1888,Bosque,Secundario
MB-Q-EC_07,731,Cafetera,Quindio,-75.5471,4.6379,MB-Q-EC,El cairo,225,3,2014,16.617,1888,Bosque,Secundario
MB-Q-EC_08,731,Cafetera,Quindio,-75.5483,4.6386,MB-Q-EC,El cairo,233,3,1979,16.617,1888,Bosque,Secundario
MB-Q-EC_09,731,Cafetera,Quindio,-75.5496,4.6384,MB-Q-EC,El cairo,355,3,1952,16.617,1888,Bosque,Secundario
MB-Q-EC_10,731,Cafetera,Quindio,-75.5503,4.6372,MB-Q-EC,El cairo,499,3,1992,16.767,2033,Bosque,Secundario
MB-Q-EC_11,731,Cafetera,Quindio,-75.5499,4.636,MB-Q-EC,El cairo,566,3,2018,16.617,1888,Bosque,Secundario
MB-Q-EC_12,731,Cafetera,Quindio,-75.5494,4.6347,MB-Q-EC,El cairo,663,3,2089,16.617,1888,Bosque,Secundario
MB-Q-JB_01,855,Cafetera,Quindio,-75.4839,4.6369,MB-Q-JB,Juan b,0,3,2383,14.167,1834,Bosque,Ripario
MB-Q-JB_02,855,Cafetera,Quindio,-75.4835,4.6355,MB-Q-JB,Juan b,0,3,2408,14.167,1834,Ssp,Cerca viva
MB-Q-JB_03,855,Cafetera,Quindio,-75.4826,4.6344,MB-Q-JB,Juan b,0,3,2422,13.383,1799,Ssp,Arboles dispersos
MB-Q-JB_04,855,Cafetera,Quindio,-75.4846,4.6348,MB-Q-JB,Juan b,0,3,2425,14.167,1834,Ssp,Cerca viva
MB-Q-JB_05,855,Cafetera,Quindio,-75.4853,4.6338,MB-Q-JB,Juan b,0,3,2427,14.167,1834,Bosque,Ripario
MB-Q-JB_06,855,Cafetera,Quindio,-75.4859,4.6346,MB-Q-JB,Juan b,0,3,2392,14.167,1834,Ssp,Arboles dispersos
MB-Q-LA_01,899,Cafetera,Quindio,-75.5021,4.6318,MB-Q-LA,Los arboles,283,8,2234,14.733,1867,Bosque,Secundario
MB-Q-LA_02,899,Cafetera,Quindio,-75.5031,4.6318,MB-Q-LA,Los arboles,188,8,2228,14.733,1867,Bosque,Secundario
MB-Q-LA_03,899,Cafetera,Quindio,-75.5042,4.6319,MB-Q-LA,Los arboles,95,8,2211,14.733,1867,Bosque,Secundario
MB-Q-LA_04,899,Cafetera,Quindio,-75.5053,4.6316,MB-Q-LA,Los arboles,0,8,2228,14.733,1867,Bosque,Secundario
MB-Q-LA_05,899,Cafetera,Quindio,-75.5065,4.6311,MB-Q-LA,Los arboles,0,8,2219,14.733,1867,Bosque,Secundario
MB-Q-LA_06,899,Cafetera,Quindio,-75.507,4.6304,MB-Q-LA,Los arboles,0,8,2234,14.733,1867,Bosque,Secundario
MB-Q-LCA_01,2229,Cafetera,Quindio,-75.5083,4.6398,MB-Q-LCA,La carelia,0,15,2223,14.758,1807,Bosque,Ripario
MB-Q-LCA_02,2229,Cafetera,Quindio,-75.5075,4.6392,MB-Q-LCA,La carelia,0,15,2249,14.758,1807,Bosque,Secundario
MB-Q-LCA_03,2229,Cafetera,Quindio,-75.5065,4.6383,MB-Q-LCA,La carelia,0,12,2229,14.758,1807,Bosque,Secundario
MB-Q-LCA_04,2229,Cafetera,Quindio,-75.5054,4.6394,MB-Q-LCA,La carelia,74,8,2308,14.758,1807,Bosque,Secundario
MB-Q-LCA_05,2229,Cafetera,Quindio,-75.5055,4.6404,MB-Q-LCA,La carelia,107,8,2361,14.758,1807,Bosque,Secundario
MB-Q-LCA_06,2229,Cafetera,Quindio,-75.5064,4.6408,MB-Q-LCA,La carelia,61,8,2320,14.758,1807,Bosque,Secundario
MB-Q-LCA_07,2229,Cafetera,Quindio,-75.5072,4.6398,MB-Q-LCA,La carelia,0,5,2249,14.758,1807,Bosque,Secundario
MB-Q-LCA_08,2229,Cafetera,Quindio,-75.5072,4.6409,MB-Q-LCA,La carelia,0,5,2318,14.758,1807,Bosque,Secundario
MB-Q-LCA_09,2229,Cafetera,Quindio,-75.5072,4.642,MB-Q-LCA,La carelia,8,5,2386,12.942,1729,Bosque,Ripario
MB-Q-PORT_01,1629,Cafetera,Quindio,-75.5322,4.6407,MB-Q-PORT,Portugal,0,15,2041,16.117,1959,Bosque,Ripario
MB-Q-PORT_02,1629,Cafetera,Quindio,-75.5314,4.6409,MB-Q-PORT,Portugal,0,15,2089,16.117,1959,Bosque,Ripario
MB-Q-PORT_03,1629,Cafetera,Quindio,-75.5307,4.6407,MB-Q-PORT,Portugal,0,15,2077,16.117,1959,Bosque,Secundario
MB-Q-PORT_04,1629,Cafetera,Quindio,-75.5301,4.6412,MB-Q-PORT,Portugal,0,15,2117,16.117,1959,Bosque,Secundario
MB-Q-PORT_05,1629,Cafetera,Quindio,-75.5298,4.6423,MB-Q-PORT,Portugal,0,15,2159,15.75,2093,Bosque,Secundario
MB-Q-PORT_06,1629,Cafetera,Quindio,-75.5303,4.6426,MB-Q-PORT,Portugal,0,15,2167,15.75,2093,Bosque,Secundario
MB-S-EDE_01,237,Cordillera oriental,Santander,-73.0406,6.1123,MB-S-EDE,El desengaño,0,4,2176,15.467,1339,Bosque,Secundario
MB-S-EDE_02,330,Cordillera oriental,Santander,-73.0399,6.1128,MB-S-EDE,El desengaño,0,4,2137,15.467,1339,Bosque,Secundario
MB-S-EDE_03,330,Cordillera oriental,Santander,-73.0396,6.1137,MB-S-EDE,El desengaño,0,4,2163,15.467,1339,Bosque,Secundario
MB-S-EDE_04,330,Cordillera oriental,Santander,-73.0392,6.114,MB-S-EDE,El desengaño,0,4,2163,15.467,1339,Bosque,Secundario
MB-S-EDE_05,330,Cordillera oriental,Santander,-73.0387,6.1141,MB-S-EDE,El desengaño,0,4,2170,15.467,1339,Bosque,Secundario
MB-S-EDE_06,330,Cordillera oriental,Santander,-73.0382,6.1142,MB-S-EDE,El desengaño,0,4,2214,15.467,1339,Bosque,Secundario
MB-S-LN_01,452,Cordillera oriental,Santander,-73.0529,6.1107,MB-S-LN,Los nogales,0,4,2110,16.475,1415,Bosque,Secundario
MB-S-LN_02,452,Cordillera oriental,Santander,-73.0534,6.1104,MB-S-LN,Los nogales,0,4,2119,16.475,1415,Bosque,Secundario
MB-S-LN_03,452,Cordillera oriental,Santander,-73.0535,6.1098,MB-S-LN,Los nogales,0,4,2138,16.475,1415,Bosque,Secundario
MB-S-LN_04,452,Cordillera oriental,Santander,-73.0536,6.1092,MB-S-LN,Los nogales,0,4,2138,16.475,1415,Bosque,Secundario
MB-S-LN_05,452,Cordillera oriental,Santander,-73.053,6.1091,MB-S-LN,Los nogales,0,4,2189,16.475,1415,Bosque,Secundario
MB-S-LN_06,452,Cordillera oriental,Santander,-73.0523,6.1086,MB-S-LN,Los nogales,0,4,2200,16.475,1415,Bosque,Secundario
MB-S-MF_01,197,Cordillera oriental,Santander,-73.0494,6.1115,MB-S-MF,Martina florez,313,4,2139,16.008,1401,Bosque,Secundario
MB-S-MF_02,197,Cordillera oriental,Santander,-73.049,6.1109,MB-S-MF,Martina florez,242,4,2136,16.008,1401,Bosque,Secundario
MB-S-MF_03,197,Cordillera oriental,Santander,-73.049,6.1104,MB-S-MF,Martina florez,192,4,2167,16.008,1401,Bosque,Secundario
MB-S-MF_04,197,Cordillera oriental,Santander,-73.0484,6.1102,MB-S-MF,Martina florez,148,4,2167,16.008,1401,Bosque,Secundario
MB-S-MF_05,197,Cordillera oriental,Santander,-73.0482,6.1098,MB-S-MF,Martina florez,97,4,2207,16.008,1401,Bosque,Secundario
MB-S-MF_06,197,Cordillera oriental,Santander,-73.0478,6.1092,MB-S-MF,Martina florez,17,4,2207,16.008,1401,Bosque,Secundario
MB-S-MF_07,197,Cordillera oriental,Santander,-73.0474,6.1088,MB-S-MF,Martina florez,0,4,2257,16.008,1401,Bosque,Secundario
MB-S-MF_08,197,Cordillera oriental,Santander,-73.0472,6.1079,MB-S-MF,Martina florez,0,4,2287,14.683,1192,Bosque,Secundario
MB-S-MF_09,197,Cordillera oriental,Santander,-73.0471,6.1075,MB-S-MF,Martina florez,0,4,2307,14.683,1192,Bosque,Secundario
MB-S-MF_10,197,Cordillera oriental,Santander,-73.0465,6.1068,MB-S-MF,Martina florez,0,4,2329,14.683,1192,Bosque,Secundario
MB-S-MF_11,197,Cordillera oriental,Santander,-73.0463,6.1074,MB-S-MF,Martina florez,10,4,2329,14.683,1192,Bosque,Secundario
MB-S-MF_12,197,Cordillera oriental,Santander,-73.0466,6.1079,MB-S-MF,Martina florez,0,4,2304,14.683,1192,Bosque,Secundario
MB-R-OQ_01,,Cafetera,Risaralda,-75.5639,4.7192,MB-R-OQ,"Vereda la suiza, corregimiento de la florida",,3,1960,16.633,2052,Bosque,Maduro
MB-R-OQ_02,,Cafetera,Risaralda,-75.5669,4.723,MB-R-OQ,"Vereda la suiza, corregimiento de la florida",,3,1925,16.567,2005,Bosque,Maduro
MB-R-OQ_03,,Cafetera,Risaralda,-75.5575,4.7146,MB-R-OQ,"Vereda la suiza, corregimiento de la florida",,3,2023,16.283,1908,Bosque,Maduro
MB-R-OQ_04,,Cafetera,Risaralda,-75.5419,4.7088,MB-R-OQ,"Vereda la suiza, corregimiento de la florida",,3,2063,15.933,1862,Bosque,Maduro
MB-R-OQ_05,,Cafetera,Risaralda,-75.5392,4.705,MB-R-OQ,"Vereda la suiza, corregimiento de la florida",,3,2188,15.6,2095,Bosque,Maduro
MB-R-OQ_06,,Cafetera,Risaralda,-75.5334,4.7008,MB-R-OQ,"Vereda la suiza, corregimiento de la florida",,3,2123,15.6,2095,Bosque,Maduro
MB-R-OQ_07,,Cafetera,Risaralda,-75.5311,4.6999,MB-R-OQ,"Vereda la suiza, corregimiento de la florida",,3,2139,14.7,1957,Bosque,Maduro
MB-R-OQ_08,,Cafetera,Risaralda,-75.5287,4.6996,MB-R-OQ,"Vereda la suiza, corregimiento de la florida",,3,2148,14.7,1957,Bosque,Maduro
MB-R-OQ_09,,Cafetera,Risaralda,-75.5268,4.699,MB-R-OQ,"Vereda la suiza, corregimiento de la florida",,3,2166,14.7,1957,Bosque,Maduro
MB-VC-EH_05,Ref_El hatico,Cafetera,Valle del cauca,-76.3142,3.6411,MB-VC-EH,El hatico,,4,1009,23.342,1458,Ssp,Arboles dispersos
MB-VC-EH_06,Ref_El hatico,Cafetera,Valle del cauca,-76.3152,3.6428,MB-VC-EH,El hatico,,3,1003,23.333,1406,Ssp,Cerca viva
MB-VC-EH_07,Ref_El hatico,Cafetera,Valle del cauca,-76.3196,3.6431,MB-VC-EH,El hatico,,3,997,23.35,1466,Ssp,Intensivo
MB-VC-EH_08,Ref_El hatico,Cafetera,Valle del cauca,-76.3228,3.6448,MB-VC-EH,El hatico,,3,996,23.35,1466,Ssp,Arboles dispersos
MB-VC-EH_09,Ref_El hatico,Cafetera,Valle del cauca,-76.325,3.6425,MB-VC-EH,El hatico,,3,1011,23.375,1411,Bosque,Maduro
MB-VC-EH_10,Ref_El hatico,Cafetera,Valle del cauca,-76.3251,3.641,MB-VC-EH,El hatico,,3,1001,23.367,1463,Bosque,Secundario
MB-VC-EH_11,Ref_El hatico,Cafetera,Valle del cauca,-76.3262,3.6419,MB-VC-EH,El hatico,,3,1005,23.375,1411,Bosque,Maduro
MB-VC-EH_12,Ref_El hatico,Cafetera,Valle del cauca,-76.3268,3.6436,MB-VC-EH,El hatico,,2,991,23.375,1411,Bosque,Secundario
MB-M-A_01,1734,Piedemonte,Meta,-73.8067,3.8105,MB-M-A,Andorra,1133,11,530,24.742,3611,Ssp,Arboles dispersos
MB-M-A_02,1734,Piedemonte,Meta,-73.8085,3.8096,MB-M-A,Andorra,1282,11,530,24.692,3869,Pastizales,
MB-M-A_03,1734,Piedemonte,Meta,-73.8104,3.8091,MB-M-A,Andorra,1218,11,534,24.692,3869,Ssp,Cerca viva
MB-M-A_04,1734,Piedemonte,Meta,-73.8114,3.8109,MB-M-A,Andorra,1012,11,536,24.692,3869,Bosque,Ripario
MB-M-A_05,1734,Piedemonte,Meta,-73.811,3.8127,MB-M-A,Andorra,884,11,533,24.692,3869,Pastizales,
MB-M-A_06,1734,Piedemonte,Meta,-73.8087,3.8147,MB-M-A,Andorra,906,11,536,24.692,3869,Ssp,Arboles dispersos
MB-M-A_07,1734,Piedemonte,Meta,-73.8076,3.8169,MB-M-A,Andorra,853,11,527,24.775,3643,Ssp,Cerca viva
MB-M-A_08,1734,Piedemonte,Meta,-73.8089,3.8183,MB-M-A,Andorra,668,11,528,24.742,3932,Pastizales,
MB-M-A_09,1734,Piedemonte,Meta,-73.8101,3.8207,MB-M-A,Andorra,408,10,528,24.742,3932,Ssp,Arboles dispersos
MB-M-A_10,1734,Piedemonte,Meta,-73.8107,3.8228,MB-M-A,Andorra,244,10,521,24.742,3932,Bosque,Ripario
MB-M-A_13,1734,Piedemonte,Meta,-73.8049,3.8201,MB-M-A,Andorra,574,10,523,24.775,3643,Pastizales,
MB-M-A_14,1734,Piedemonte,Meta,-73.8059,3.8173,MB-M-A,Andorra,700,10,524,24.775,3643,Pastizales,
MB-M-A_15,1734,Piedemonte,Meta,-73.8058,3.8154,MB-M-A,Andorra,775,10,527,24.742,3611,Pastizales,
MB-M-A_16,1734,Piedemonte,Meta,-73.8043,3.8106,MB-M-A,Andorra,905,11,527,24.742,3611,Bosque,Ripario
MB-M-A_17,1734,Piedemonte,Meta,-73.8025,3.8101,MB-M-A,Andorra,777,11,524,24.742,3611,Pastizales,
MB-M-A_18,1734,Piedemonte,Meta,-73.8021,3.8124,MB-M-A,Andorra,629,11,530,24.742,3611,Bosque,Ripario
MB-M-A_19,1734,Piedemonte,Meta,-73.7999,3.8114,MB-M-A,Andorra,490,11,524,24.792,3439,Ssp,Cerca viva
MB-M-A_20,1734,Piedemonte,Meta,-73.8026,3.8155,MB-M-A,Andorra,513,10,526,24.742,3611,Ssp,Arboles dispersos
MB-M-A_21,1734,Piedemonte,Meta,-73.8032,3.8195,MB-M-A,Andorra,402,10,524,24.775,3643,Pastizales,
MB-M-A_22,1734,Piedemonte,Meta,-73.8017,3.8207,MB-M-A,Andorra,271,10,524,24.775,3643,Pastizales,
MB-M-A_23,1734,Piedemonte,Meta,-73.8058,3.8218,MB-M-A,Andorra,581,10,511,24.775,3643,Pastizales,
MB-M-A_24,1734,Piedemonte,Meta,-73.8078,3.8217,MB-M-A,Andorra,560,11,514,24.775,3643,Pastizales,
MB-M-A_25,1734,Piedemonte,Meta,-73.808,3.8198,MB-M-A,Andorra,633,11,528,24.775,3643,Pastizales,
MB-M-A_26,1734,Piedemonte,Meta,-73.8046,3.8142,MB-M-A,Andorra,749,11,525,24.742,3611,Ssp,Cerca viva
MB-M-EPO3_01,261,Piedemonte,Meta,-73.7975,3.6735,MB-M-EPO3,El porvenir 3,0,10,430,25.325,2897,Ssp,Arboles dispersos
MB-M-EPO3_02,261,Piedemonte,Meta,-73.7957,3.6738,MB-M-EPO3,El porvenir 3,11,10,431,25.325,2897,Bosque,Ripario
MB-M-EPO3_03,261,Piedemonte,Meta,-73.7945,3.6718,MB-M-EPO3,El porvenir 3,12,10,429,25.325,2897,Bosque,Ripario
MB-M-EPO3_04,261,Piedemonte,Meta,-73.7955,3.6701,MB-M-EPO3,El porvenir 3,0,10,423,25.325,2897,Ssp,Arboles dispersos
MB-M-EPO3_05,261,Piedemonte,Meta,-73.7967,3.6688,MB-M-EPO3,El porvenir 3,0,11,424,25.325,2897,Pastizales,
MB-M-EPO3_06,261,Piedemonte,Meta,-73.7983,3.668,MB-M-EPO3,El porvenir 3,0,10,424,25.325,2897,Pastizales,
MB-M-LP2_01,1521,Piedemonte,Meta,-73.8179,3.8238,MB-M-LP2,La pradera 2,91,10,537,24.642,3881,Pastizales,
MB-M-LP2_02,1521,Piedemonte,Meta,-73.8161,3.8248,MB-M-LP2,La pradera 2,0,10,533,24.742,3932,Ssp,Arboles dispersos
MB-M-LP2_03,1521,Piedemonte,Meta,-73.8143,3.8257,MB-M-LP2,La pradera 2,2,10,529,24.583,4033,Ssp,Arboles dispersos
MB-M-LP2_04,1521,Piedemonte,Meta,-73.8131,3.8243,MB-M-LP2,La pradera 2,25,10,524,24.742,3932,Ssp,Arboles dispersos
MB-M-LP2_05,1521,Piedemonte,Meta,-73.8129,3.823,MB-M-LP2,La pradera 2,47,10,523,24.742,3932,Bosque,Ripario
MB-M-LP2_06,1521,Piedemonte,Meta,-73.8163,3.8205,MB-M-LP2,La pradera 2,99,10,525,24.742,3932,Pastizales,
MB-M-LP2_07,1521,Piedemonte,Meta,-73.8182,3.8196,MB-M-LP2,La pradera 2,313,10,527,24.642,3881,Pastizales,
MB-M-LP2_08,1521,Piedemonte,Meta,-73.8206,3.8181,MB-M-LP2,La pradera 2,189,10,533,24.642,3881,Pastizales,
MB-M-LP2_09,1521,Piedemonte,Meta,-73.8223,3.8172,MB-M-LP2,La pradera 2,297,10,538,24.642,3881,Pastizales,
MB-M-LP2_10,1521,Piedemonte,Meta,-73.824,3.8158,MB-M-LP2,La pradera 2,336,10,542,24.658,3942,Pastizales,
MB-M-LP2_11,1521,Piedemonte,Meta,-73.8213,3.8209,MB-M-LP2,La pradera 2,482,10,544,24.642,3881,Bosque,Ripario
MB-M-LP2_12,1521,Piedemonte,Meta,-73.8236,3.8224,MB-M-LP2,La pradera 2,709,10,555,24.642,3881,Ssp,Arboles dispersos
MB-M-LRO1_01,3189,Piedemonte,Meta,-73.8373,3.8356,MB-M-LRO1,La rosania 1,0,10,719,23.625,4306,Ssp,Arboles dispersos
MB-M-LRO1_02,3189,Piedemonte,Meta,-73.8388,3.8369,MB-M-LRO1,La rosania 1,0,11,783,23.625,4306,Pastizales,
MB-M-LRO1_03,3189,Piedemonte,Meta,-73.8405,3.8377,MB-M-LRO1,La rosania 1,0,11,796,23.625,4306,Pastizales,
MB-M-LRO1_04,3189,Piedemonte,Meta,-73.8433,3.8382,MB-M-LRO1,La rosania 1,0,10,807,23.3,4003,Ssp,Arboles dispersos
MB-M-LRO1_05,3189,Piedemonte,Meta,-73.8369,3.8334,MB-M-LRO1,La rosania 1,0,10,697,23.625,4306,Bosque,Secundario
MB-M-LRO1_06,3189,Piedemonte,Meta,-73.8357,3.8319,MB-M-LRO1,La rosania 1,0,10,667,23.858,4255,Bosque,Ripario
MB-M-LRO1_07,3189,Piedemonte,Meta,-73.8334,3.8291,MB-M-LRO1,La rosania 1,0,10,628,23.858,4255,Pastizales,
MB-M-LRO1_08,3189,Piedemonte,Meta,-73.8452,3.8371,MB-M-LRO1,La rosania 1,0,10,817,23.3,4003,Ssp,Cerca viva
MB-M-LRO1_09,3189,Piedemonte,Meta,-73.8473,3.8368,MB-M-LRO1,La rosania 1,0,10,822,23.3,4003,Pastizales,
MB-M-LRO1_10,3189,Piedemonte,Meta,-73.849,3.8377,MB-M-LRO1,La rosania 1,0,11,810,23.3,4003,Pastizales,
MB-M-LRO1_11,3189,Piedemonte,Meta,-73.8472,3.84,MB-M-LRO1,La rosania 1,0,11,804,23.3,4003,Pastizales,
MB-M-LRO1_12,3189,Piedemonte,Meta,-73.8461,3.8354,MB-M-LRO1,La rosania 1,0,10,822,23.3,4003,Ssp,Cerca viva
MB-M-LBR_01,3133,Piedemonte,Meta,-73.8561,3.8062,MB-M-LBR,La brisa,247,3,638,24.117,3785,Bosque,Maduro
MB-M-LBR_02,3133,Piedemonte,Meta,-73.8576,3.8073,MB-M-LBR,La brisa,365,3,644,24.117,3785,Bosque,Maduro
